/*
SQLyog Ultimate v9.10 
MySQL - 8.0.22 : Database - qms
*********************************************************************
*/

/*!40101 SET NAMES utf8 */;

/*!40101 SET SQL_MODE=''*/;

/*!40014 SET @OLD_UNIQUE_CHECKS=@@UNIQUE_CHECKS, UNIQUE_CHECKS=0 */;
/*!40014 SET @OLD_FOREIGN_KEY_CHECKS=@@FOREIGN_KEY_CHECKS, FOREIGN_KEY_CHECKS=0 */;
/*!40101 SET @OLD_SQL_MODE=@@SQL_MODE, SQL_MODE='NO_AUTO_VALUE_ON_ZERO' */;
/*!40111 SET @OLD_SQL_NOTES=@@SQL_NOTES, SQL_NOTES=0 */;
CREATE DATABASE /*!32312 IF NOT EXISTS*/`qms` /*!40100 DEFAULT CHARACTER SET utf8mb4 COLLATE utf8mb4_0900_ai_ci */ /*!80016 DEFAULT ENCRYPTION='N' */;

USE `qms`;

/*Table structure for table `answer` */

DROP TABLE IF EXISTS `answer`;

CREATE TABLE `answer` (
  `aid` int NOT NULL AUTO_INCREMENT,
  `cid` int DEFAULT NULL,
  `uid` int DEFAULT NULL,
  `content` text,
  `comment_num` int DEFAULT NULL,
  `agree_num` int DEFAULT NULL,
  `ctime` varchar(50) DEFAULT NULL,
  `mtime` varchar(50) DEFAULT NULL,
  `del` int DEFAULT '0',
  `qid` int DEFAULT NULL,
  PRIMARY KEY (`aid`)
) ENGINE=InnoDB AUTO_INCREMENT=8 DEFAULT CHARSET=utf8mb4 COLLATE=utf8mb4_0900_ai_ci;

/*Data for the table `answer` */

insert  into `answer`(`aid`,`cid`,`uid`,`content`,`comment_num`,`agree_num`,`ctime`,`mtime`,`del`,`qid`) values (3,NULL,1,'  啊哈哈哈',NULL,NULL,'2022-05-07 14:50:14',NULL,0,2),(4,NULL,1,'  啊哈哈哈555555',NULL,NULL,'2022-05-07 14:50:20',NULL,0,2),(5,NULL,2,'  这是什么问题啊',NULL,NULL,'2022-05-07 14:51:45',NULL,0,3),(6,NULL,1,'    芯片设计中国不错，制造比较难，没有高端光刻机 制造比较难，没有高端光刻机制造比较难，没有高端光刻机',NULL,NULL,'2022-05-07 16:03:48',NULL,0,2),(7,NULL,2,'  这是什么问题',NULL,NULL,'2022-05-07 16:42:02',NULL,0,3);

/*Table structure for table `comment` */

DROP TABLE IF EXISTS `comment`;

CREATE TABLE `comment` (
  `cid` int NOT NULL AUTO_INCREMENT,
  `uid` int DEFAULT NULL,
  `content` text,
  `ctime` varchar(50) DEFAULT NULL,
  `mtime` varchar(50) DEFAULT NULL,
  `del` int DEFAULT '0',
  `aid` int DEFAULT NULL,
  PRIMARY KEY (`cid`)
) ENGINE=InnoDB AUTO_INCREMENT=3 DEFAULT CHARSET=utf8mb4 COLLATE=utf8mb4_0900_ai_ci;

/*Data for the table `comment` */

insert  into `comment`(`cid`,`uid`,`content`,`ctime`,`mtime`,`del`,`aid`) values (1,1,'  所以中国人必须慢慢攻克','2022-05-07 16:47:43',NULL,1,6),(2,1,' asml基本垄断，道阻且长，','2022-05-07 17:09:11',NULL,0,6);

/*Table structure for table `logs` */

DROP TABLE IF EXISTS `logs`;

CREATE TABLE `logs` (
  `operid` int NOT NULL AUTO_INCREMENT,
  `opertime` varchar(50) DEFAULT NULL,
  `opername` varchar(50) DEFAULT NULL,
  `ip` varchar(50) DEFAULT NULL,
  `methods` text,
  `ddesc` text,
  PRIMARY KEY (`operid`)
) ENGINE=InnoDB AUTO_INCREMENT=450 DEFAULT CHARSET=utf8mb4 COLLATE=utf8mb4_0900_ai_ci;

/*Data for the table `logs` */

insert  into `logs`(`operid`,`opertime`,`opername`,`ip`,`methods`,`ddesc`) values (2,'2022-05-07 17:59:58','李四','127.0.0.1','com.qms.app.controller.UsersController.login','用户登录'),(3,'2022-05-07 18:00:16','李四','127.0.0.1','com.qms.app.controller.TagsController.listTags','分页查询标签'),(4,'2022-05-07 18:00:34','李四','127.0.0.1','com.qms.app.controller.CommentController.listComment','分页查询评论'),(5,'2022-05-07 18:00:53','张三','127.0.0.1','com.qms.app.controller.UsersController.login','用户登录'),(6,'2022-05-07 18:01:04','张三','127.0.0.1','com.qms.app.controller.TagsController.list','查询所有标签'),(7,'2022-05-07 18:01:04','张三','127.0.0.1','com.qms.app.controller.TagsController.list','查询所有标签'),(8,'2022-05-07 18:01:04','张三','127.0.0.1','com.qms.app.controller.QuestionController.listQuestion','分页查询提问问题'),(9,'2022-05-07 18:01:31','张三','127.0.0.1','com.qms.app.controller.QuestionController.saveQuestion','提问问题'),(10,'2022-05-07 18:01:31','张三','127.0.0.1','com.qms.app.controller.QuestionController.listQuestion','分页查询提问问题'),(11,'2022-05-09 07:47:04','张三','127.0.0.1','com.qms.app.controller.UsersController.login','用户登录'),(12,'2022-05-09 07:47:06','张三','127.0.0.1','com.qms.app.controller.TagsController.list','查询所有标签'),(13,'2022-05-09 07:47:06','张三','127.0.0.1','com.qms.app.controller.TagsController.list','查询所有标签'),(14,'2022-05-09 07:47:06','张三','127.0.0.1','com.qms.app.controller.QuestionController.listQuestion','分页查询提问问题'),(15,'2022-05-09 07:47:09','张三','127.0.0.1','com.qms.app.controller.CommentController.listComment','分页查询评论'),(16,'2022-05-09 07:59:57','张三','127.0.0.1','com.qms.app.controller.UsersController.login','用户登录'),(17,'2022-05-09 08:15:15','张三','127.0.0.1','com.qms.app.controller.UsersController.login','用户登录'),(18,'2022-05-09 08:16:13','张三','127.0.0.1','com.qms.app.controller.UsersController.login','用户登录'),(19,'2022-05-09 08:17:29','张三','127.0.0.1','com.qms.app.controller.UsersController.login','用户登录'),(20,'2022-05-09 08:17:56','张三','127.0.0.1','com.qms.app.controller.CommentController.listComment','分页查询评论'),(21,'2022-05-09 08:17:59','张三','127.0.0.1','com.qms.app.controller.AnswerController.listAnswer','分页查询问题回复'),(22,'2022-05-09 08:22:24','李四','127.0.0.1','com.qms.app.controller.UsersController.login','用户登录'),(23,'2022-05-09 08:23:17','李四','127.0.0.1','com.qms.app.controller.UsersController.login','用户登录'),(24,'2022-05-09 08:24:29','李四','127.0.0.1','com.qms.app.controller.UsersController.login','用户登录'),(25,'2022-05-09 08:28:21','张三','127.0.0.1','com.qms.app.controller.UsersController.login','用户登录'),(26,'2022-05-09 08:28:44','李四','127.0.0.1','com.qms.app.controller.UsersController.login','用户登录'),(27,'2022-05-09 08:36:09','李四','127.0.0.1','com.qms.app.controller.TagsController.list','查询所有标签'),(28,'2022-05-09 08:36:09','李四','127.0.0.1','com.qms.app.controller.TagsController.list','查询所有标签'),(29,'2022-05-09 08:36:09','李四','127.0.0.1','com.qms.app.controller.QuestionController.listQuestion','分页查询提问问题'),(30,'2022-05-09 08:36:12','李四','127.0.0.1','com.qms.app.controller.AnswerController.listAnswer','分页查询问题回复'),(31,'2022-05-09 08:43:19','张三','127.0.0.1','com.qms.app.controller.UsersController.login','用户登录'),(32,'2022-05-09 08:43:21','张三','127.0.0.1','com.qms.app.controller.TagsController.list','查询所有标签'),(33,'2022-05-09 08:43:21','张三','127.0.0.1','com.qms.app.controller.TagsController.list','查询所有标签'),(34,'2022-05-09 08:43:21','张三','127.0.0.1','com.qms.app.controller.QuestionController.listQuestion','分页查询提问问题'),(35,'2022-05-09 08:43:25','张三','127.0.0.1','com.qms.app.controller.AnswerController.listAnswer','分页查询问题回复'),(36,'2022-05-09 08:43:48','张三','127.0.0.1','com.qms.app.controller.AnswerController.listAnswer','分页查询问题回复'),(37,'2022-05-09 08:44:59','张三','127.0.0.1','com.qms.app.controller.UsersController.login','用户登录'),(38,'2022-05-09 08:45:01','张三','127.0.0.1','com.qms.app.controller.AnswerController.listAnswer','分页查询问题回复'),(39,'2022-05-09 08:46:40','张三','127.0.0.1','com.qms.app.controller.UsersController.login','用户登录'),(40,'2022-05-09 08:46:42','张三','127.0.0.1','com.qms.app.controller.AnswerController.listAnswer','分页查询问题回复'),(41,'2022-05-09 08:48:56','张三','127.0.0.1','com.qms.app.controller.UsersController.login','用户登录'),(42,'2022-05-09 08:48:58','张三','127.0.0.1','com.qms.app.controller.AnswerController.listAnswer','分页查询问题回复'),(43,'2022-05-09 09:05:49','张三','127.0.0.1','com.qms.app.controller.CommentController.listComment','分页查询评论'),(44,'2022-05-09 09:08:26','张三','127.0.0.1','com.qms.app.controller.CommentController.listComment','分页查询评论'),(45,'2022-05-09 09:08:31','张三','127.0.0.1','com.qms.app.controller.TagsController.list','查询所有标签'),(46,'2022-05-09 09:08:31','张三','127.0.0.1','com.qms.app.controller.TagsController.list','查询所有标签'),(47,'2022-05-09 09:08:31','张三','127.0.0.1','com.qms.app.controller.QuestionController.listQuestion','分页查询提问问题'),(48,'2022-05-09 09:08:32','张三','127.0.0.1','com.qms.app.controller.AnswerController.listAnswer','分页查询问题回复'),(49,'2022-05-09 09:26:48','张三','127.0.0.1','com.qms.app.controller.UsersController.login','用户登录'),(50,'2022-05-09 09:26:53','张三','127.0.0.1','com.qms.app.controller.CommentController.listComment','分页查询评论'),(51,'2022-05-09 09:27:00','张三','127.0.0.1','com.qms.app.controller.CommentController.listComment','分页查询评论'),(52,'2022-05-09 09:27:03','张三','127.0.0.1','com.qms.app.controller.CommentController.listComment','分页查询评论'),(53,'2022-05-09 09:27:12','张三','127.0.0.1','com.qms.app.controller.CommentController.listComment','分页查询评论'),(54,'2022-05-09 09:28:48','张三','127.0.0.1','com.qms.app.controller.UsersController.login','用户登录'),(55,'2022-05-09 09:28:52','张三','127.0.0.1','com.qms.app.controller.CommentController.listComment','分页查询评论'),(56,'2022-05-09 09:28:56','张三','127.0.0.1','com.qms.app.controller.CommentController.listComment','分页查询评论'),(57,'2022-05-09 09:29:01','张三','127.0.0.1','com.qms.app.controller.CommentController.listComment','分页查询评论'),(58,'2022-05-09 09:29:09','张三','127.0.0.1','com.qms.app.controller.CommentController.listComment','分页查询评论'),(59,'2022-05-09 09:29:14','张三','127.0.0.1','com.qms.app.controller.CommentController.listComment','分页查询评论'),(60,'2022-05-09 09:29:31','张三','127.0.0.1','com.qms.app.controller.AnswerController.listAnswer','分页查询问题回复'),(61,'2022-05-09 09:31:26','张三','127.0.0.1','com.qms.app.controller.UsersController.login','用户登录'),(62,'2022-05-09 09:31:28','张三','127.0.0.1','com.qms.app.controller.AnswerController.listAnswer','分页查询问题回复'),(63,'2022-05-09 09:31:35','张三','127.0.0.1','com.qms.app.controller.AnswerController.listAnswer','分页查询问题回复'),(64,'2022-05-09 09:31:37','张三','127.0.0.1','com.qms.app.controller.AnswerController.listAnswer','分页查询问题回复'),(65,'2022-05-09 09:33:10','张三','127.0.0.1','com.qms.app.controller.UsersController.login','用户登录'),(66,'2022-05-09 09:33:12','张三','127.0.0.1','com.qms.app.controller.AnswerController.listAnswer','分页查询问题回复'),(67,'2022-05-09 09:33:22','张三','127.0.0.1','com.qms.app.controller.AnswerController.listAnswer','分页查询问题回复'),(68,'2022-05-09 09:33:26','张三','127.0.0.1','com.qms.app.controller.AnswerController.listAnswer','分页查询问题回复'),(69,'2022-05-09 09:35:07','张三','127.0.0.1','com.qms.app.controller.UsersController.login','用户登录'),(70,'2022-05-09 09:35:12','张三','127.0.0.1','com.qms.app.controller.AnswerController.listAnswer','分页查询问题回复'),(71,'2022-05-09 09:35:15','张三','127.0.0.1','com.qms.app.controller.CommentController.listComment','分页查询评论'),(72,'2022-05-09 09:35:21','张三','127.0.0.1','com.qms.app.controller.CommentController.listComment','分页查询评论'),(73,'2022-05-09 09:35:23','张三','127.0.0.1','com.qms.app.controller.CommentController.listComment','分页查询评论'),(74,'2022-05-09 09:35:35','张三','127.0.0.1','com.qms.app.controller.CommentController.listComment','分页查询评论'),(75,'2022-05-09 09:35:39','张三','127.0.0.1','com.qms.app.controller.CommentController.listComment','分页查询评论'),(76,'2022-05-09 10:15:51','张三','127.0.0.1','com.qms.app.controller.UsersController.login','用户登录'),(77,'2022-05-09 10:16:22','张三','127.0.0.1','com.qms.app.controller.UsersController.login','用户登录'),(78,'2022-05-09 10:17:06','张三','127.0.0.1','com.qms.app.controller.UsersController.login','用户登录'),(79,'2022-05-09 10:17:09','张三','127.0.0.1','com.qms.app.controller.UsersController.listUsers','分页查询用户信息'),(80,'2022-05-09 10:52:12','张三','127.0.0.1','com.qms.app.controller.UsersController.login','用户登录'),(81,'2022-05-09 10:52:21','张三','127.0.0.1','com.qms.app.controller.UsersController.listUsers','分页查询用户信息'),(82,'2022-05-09 10:53:02','张三','127.0.0.1','com.qms.app.controller.UsersController.login','用户登录'),(83,'2022-05-09 10:53:07','张三','127.0.0.1','com.qms.app.controller.UsersController.listUsers','分页查询用户信息'),(84,'2022-05-09 10:53:38','张三','127.0.0.1','com.qms.app.controller.UsersController.login','用户登录'),(85,'2022-05-09 10:53:42','张三','127.0.0.1','com.qms.app.controller.UsersController.listUsers','分页查询用户信息'),(86,'2022-05-09 11:17:07','张三','127.0.0.1','com.qms.app.controller.UsersController.login','用户登录'),(87,'2022-05-09 11:17:11','张三','127.0.0.1','com.qms.app.controller.UsersController.listUsers','分页查询用户信息'),(88,'2022-05-09 11:17:20','张三','127.0.0.1','com.qms.app.controller.UsersController.saveUsers','添加用户信息'),(89,'2022-05-09 11:17:20','张三','127.0.0.1','com.qms.app.controller.UsersController.listUsers','分页查询用户信息'),(90,'2022-05-09 11:24:33','张三','127.0.0.1','com.qms.app.controller.UsersController.login','用户登录'),(91,'2022-05-09 11:24:39','张三','127.0.0.1','com.qms.app.controller.UsersController.listUsers','分页查询用户信息'),(92,'2022-05-09 11:24:45','张三','127.0.0.1','com.qms.app.controller.UsersController.saveUsers','添加用户信息'),(93,'2022-05-09 11:24:45','张三','127.0.0.1','com.qms.app.controller.UsersController.listUsers','分页查询用户信息'),(94,'2022-05-09 14:46:11','张三','127.0.0.1','com.qms.app.controller.UsersController.login','用户登录'),(95,'2022-05-09 14:46:15','张三','127.0.0.1','com.qms.app.controller.UsersController.listUsers','分页查询用户信息'),(96,'2022-05-09 14:47:49','张三','127.0.0.1','com.qms.app.controller.UsersController.login','用户登录'),(97,'2022-05-09 14:47:53','张三','127.0.0.1','com.qms.app.controller.UsersController.listUsers','分页查询用户信息'),(98,'2022-05-09 14:50:22','张三','127.0.0.1','com.qms.app.controller.UsersController.login','用户登录'),(99,'2022-05-09 14:50:25','张三','127.0.0.1','com.qms.app.controller.UsersController.listUsers','分页查询用户信息'),(100,'2022-05-09 14:50:59','张三','127.0.0.1','com.qms.app.controller.UsersController.listUsers','分页查询用户信息'),(101,'2022-05-09 14:51:15','张三','127.0.0.1','com.qms.app.controller.UsersController.updateUsers','修改用户信息'),(102,'2022-05-09 14:51:15','张三','127.0.0.1','com.qms.app.controller.UsersController.listUsers','分页查询用户信息'),(103,'2022-05-09 14:53:01','张三','127.0.0.1','com.qms.app.controller.UsersController.login','用户登录'),(104,'2022-05-09 14:53:05','张三','127.0.0.1','com.qms.app.controller.UsersController.listUsers','分页查询用户信息'),(105,'2022-05-09 14:53:26','张三','127.0.0.1','com.qms.app.controller.UsersController.updateUsers','修改用户信息'),(106,'2022-05-09 14:53:26','张三','127.0.0.1','com.qms.app.controller.UsersController.listUsers','分页查询用户信息'),(107,'2022-05-09 14:54:12','张三','127.0.0.1','com.qms.app.controller.UsersController.login','用户登录'),(108,'2022-05-09 14:54:17','张三','127.0.0.1','com.qms.app.controller.UsersController.listUsers','分页查询用户信息'),(109,'2022-05-09 14:54:27','张三','127.0.0.1','com.qms.app.controller.UsersController.updateUsers','修改用户信息'),(110,'2022-05-09 14:54:27','张三','127.0.0.1','com.qms.app.controller.UsersController.listUsers','分页查询用户信息'),(111,'2022-05-09 14:55:19','张三','127.0.0.1','com.qms.app.controller.UsersController.login','用户登录'),(112,'2022-05-09 14:55:22','张三','127.0.0.1','com.qms.app.controller.UsersController.login','用户登录'),(113,'2022-05-09 14:55:25','张三','127.0.0.1','com.qms.app.controller.UsersController.listUsers','分页查询用户信息'),(114,'2022-05-09 14:55:57','张三','127.0.0.1','com.qms.app.controller.UsersController.updateUsers','修改用户信息'),(115,'2022-05-09 14:55:57','张三','127.0.0.1','com.qms.app.controller.UsersController.listUsers','分页查询用户信息'),(116,'2022-05-09 14:56:04','张三','127.0.0.1','com.qms.app.controller.UsersController.updateUsers','修改用户信息'),(117,'2022-05-09 14:56:04','张三','127.0.0.1','com.qms.app.controller.UsersController.listUsers','分页查询用户信息'),(118,'2022-05-09 15:02:21','张三','127.0.0.1','com.qms.app.controller.UsersController.login','用户登录'),(119,'2022-05-09 15:02:24','张三','127.0.0.1','com.qms.app.controller.UsersController.login','用户登录'),(120,'2022-05-09 15:02:30','张三','127.0.0.1','com.qms.app.controller.UsersController.listUsers','分页查询用户信息'),(121,'2022-05-09 15:03:18','张三','127.0.0.1','com.qms.app.controller.UsersController.saveUsers','添加用户信息'),(122,'2022-05-09 15:03:18','张三','127.0.0.1','com.qms.app.controller.UsersController.listUsers','分页查询用户信息'),(123,'2022-05-09 15:03:37','张三疯','127.0.0.1','com.qms.app.controller.UsersController.login','用户登录'),(124,'2022-05-09 15:03:43','张三疯','127.0.0.1','com.qms.app.controller.UsersController.listUsers','分页查询用户信息'),(125,'2022-05-09 15:04:11','张三疯','127.0.0.1','com.qms.app.controller.UsersController.updateUsers','修改用户信息'),(126,'2022-05-09 15:04:11','张三疯','127.0.0.1','com.qms.app.controller.UsersController.listUsers','分页查询用户信息'),(127,'2022-05-09 15:04:30','张三丰','127.0.0.1','com.qms.app.controller.UsersController.login','用户登录'),(128,'2022-05-09 15:06:13','张三丰','127.0.0.1','com.qms.app.controller.UsersController.listUsers','分页查询用户信息'),(129,'2022-05-09 15:09:08','张三','127.0.0.1','com.qms.app.controller.UsersController.login','用户登录'),(130,'2022-05-09 15:09:12','张三','127.0.0.1','com.qms.app.controller.UsersController.listUsers','分页查询用户信息'),(131,'2022-05-09 15:09:49','张三','127.0.0.1','com.qms.app.controller.UsersController.login','用户登录'),(132,'2022-05-09 15:09:52','张三','127.0.0.1','com.qms.app.controller.UsersController.listUsers','分页查询用户信息'),(133,'2022-05-09 15:10:01','李四','127.0.0.1','com.qms.app.controller.UsersController.login','用户登录'),(134,'2022-05-09 15:10:04','李四','127.0.0.1','com.qms.app.controller.UsersController.listUsers','分页查询用户信息'),(135,'2022-05-09 15:10:22','张三丰','127.0.0.1','com.qms.app.controller.UsersController.login','用户登录'),(136,'2022-05-09 15:10:26','张三丰','127.0.0.1','com.qms.app.controller.UsersController.listUsers','分页查询用户信息'),(137,'2022-05-09 15:42:51','张三','127.0.0.1','com.qms.app.controller.UsersController.login','用户登录'),(138,'2022-05-09 15:42:54','张三','127.0.0.1','com.qms.app.controller.UsersController.listUsers','分页查询用户信息'),(139,'2022-05-09 15:43:10','张三丰','127.0.0.1','com.qms.app.controller.UsersController.login','用户登录'),(140,'2022-05-09 15:43:13','张三丰','127.0.0.1','com.qms.app.controller.UsersController.listUsers','分页查询用户信息'),(141,'2022-05-09 15:45:22','张三丰','127.0.0.1','com.qms.app.controller.UsersController.login','用户登录'),(142,'2022-05-09 15:45:25','张三丰','127.0.0.1','com.qms.app.controller.UsersController.listUsers','分页查询用户信息'),(143,'2022-05-09 15:47:43','张三','127.0.0.1','com.qms.app.controller.UsersController.login','用户登录'),(144,'2022-05-09 15:47:46','张三','127.0.0.1','com.qms.app.controller.UsersController.listUsers','分页查询用户信息'),(145,'2022-05-09 15:48:36','张三','127.0.0.1','com.qms.app.controller.UsersController.login','用户登录'),(146,'2022-05-09 15:48:39','张三','127.0.0.1','com.qms.app.controller.UsersController.listUsers','分页查询用户信息'),(147,'2022-05-09 15:48:48','李四','127.0.0.1','com.qms.app.controller.UsersController.login','用户登录'),(148,'2022-05-09 15:48:50','李四','127.0.0.1','com.qms.app.controller.UsersController.listUsers','分页查询用户信息'),(149,'2022-05-09 15:49:00','张三丰','127.0.0.1','com.qms.app.controller.UsersController.login','用户登录'),(150,'2022-05-09 15:49:03','张三丰','127.0.0.1','com.qms.app.controller.UsersController.listUsers','分页查询用户信息'),(151,'2022-05-09 15:54:27','张三丰','127.0.0.1','com.qms.app.controller.UsersController.login','用户登录'),(152,'2022-05-09 15:54:30','张三丰','127.0.0.1','com.qms.app.controller.UsersController.listUsers','分页查询用户信息'),(153,'2022-05-09 15:55:21','张三丰','127.0.0.1','com.qms.app.controller.UsersController.updateUsers','修改用户信息'),(154,'2022-05-09 15:55:21','张三丰','127.0.0.1','com.qms.app.controller.UsersController.listUsers','分页查询用户信息'),(155,'2022-05-09 15:57:09','张三丰','127.0.0.1','com.qms.app.controller.TagsController.list','查询所有标签'),(156,'2022-05-09 15:57:09','张三丰','127.0.0.1','com.qms.app.controller.TagsController.list','查询所有标签'),(157,'2022-05-09 15:57:09','张三丰','127.0.0.1','com.qms.app.controller.QuestionController.listQuestion','分页查询提问问题'),(158,'2022-05-09 15:57:10','张三丰','127.0.0.1','com.qms.app.controller.AnswerController.listAnswer','分页查询问题回复'),(159,'2022-05-09 15:57:23','张三丰','127.0.0.1','com.qms.app.controller.TagsController.listTags','分页查询标签'),(160,'2022-05-09 15:58:02','张三丰','127.0.0.1','com.qms.app.controller.CommentController.listComment','分页查询评论'),(161,'2022-05-09 15:59:37','张三丰','127.0.0.1','com.qms.app.controller.UsersController.listUsers','分页查询用户信息'),(162,'2022-05-09 16:00:23','张三丰','127.0.0.1','com.qms.app.controller.UsersController.saveUsers','添加用户信息'),(163,'2022-05-09 16:00:23','张三丰','127.0.0.1','com.qms.app.controller.UsersController.listUsers','分页查询用户信息'),(164,'2022-05-09 16:00:34','admin','127.0.0.1','com.qms.app.controller.UsersController.login','用户登录'),(165,'2022-05-09 16:00:39','admin','127.0.0.1','com.qms.app.controller.UsersController.login','用户登录'),(166,'2022-05-09 16:00:42','admin','127.0.0.1','com.qms.app.controller.UsersController.listUsers','分页查询用户信息'),(167,'2022-05-09 16:13:07',NULL,'127.0.0.1','com.qms.app.controller.UsersController.login','用户登录'),(168,'2022-05-09 16:13:56',NULL,'127.0.0.1','com.qms.app.controller.UsersController.login','用户登录'),(169,'2022-05-09 16:14:18',NULL,'127.0.0.1','com.qms.app.controller.UsersController.login','用户登录'),(170,'2022-05-09 16:14:50','admin','127.0.0.1','com.qms.app.controller.UsersController.login','用户登录'),(171,'2022-05-09 16:14:53','admin','127.0.0.1','com.qms.app.controller.UsersController.login','用户登录'),(172,'2022-05-09 16:15:46','admin','127.0.0.1','com.qms.app.controller.UsersController.login','用户登录'),(173,'2022-05-09 16:16:27','张三','127.0.0.1','com.qms.app.controller.UsersController.login','用户登录'),(174,'2022-05-09 16:45:51','admin','127.0.0.1','com.qms.app.controller.UsersController.login','用户登录'),(175,'2022-05-09 16:46:04','张三','127.0.0.1','com.qms.app.controller.UsersController.login','用户登录'),(176,'2022-05-09 16:46:21','张三','127.0.0.1','com.qms.app.controller.UsersController.listUsers','分页查询用户信息'),(177,'2022-05-09 16:46:33','李四','127.0.0.1','com.qms.app.controller.UsersController.login','用户登录'),(178,'2022-05-09 16:46:37','李四','127.0.0.1','com.qms.app.controller.UsersController.listUsers','分页查询用户信息'),(179,'2022-05-09 16:46:48','张三丰','127.0.0.1','com.qms.app.controller.UsersController.login','用户登录'),(180,'2022-05-09 16:46:53','张三丰','127.0.0.1','com.qms.app.controller.UsersController.login','用户登录'),(181,'2022-05-09 16:47:00','张三丰','127.0.0.1','com.qms.app.controller.UsersController.login','用户登录'),(182,'2022-05-09 16:47:16','张三丰','127.0.0.1','com.qms.app.controller.UsersController.login','用户登录'),(183,'2022-05-09 16:47:21','张三丰','127.0.0.1','com.qms.app.controller.UsersController.login','用户登录'),(184,'2022-05-09 16:47:26','李四','127.0.0.1','com.qms.app.controller.UsersController.login','用户登录'),(185,'2022-05-09 16:47:41','admin','127.0.0.1','com.qms.app.controller.UsersController.login','用户登录'),(186,'2022-05-09 16:47:45','admin','127.0.0.1','com.qms.app.controller.UsersController.login','用户登录'),(187,'2022-05-09 16:47:50','admin','127.0.0.1','com.qms.app.controller.UsersController.listUsers','分页查询用户信息'),(188,'2022-05-09 17:04:51','张三','127.0.0.1','com.qms.app.controller.UsersController.login','用户登录'),(189,'2022-05-09 17:05:04','张三','127.0.0.1','com.qms.app.controller.UsersController.listUsers','分页查询用户信息'),(190,'2022-05-09 17:05:16','admin','127.0.0.1','com.qms.app.controller.UsersController.login','用户登录'),(191,'2022-05-09 17:05:20','admin','127.0.0.1','com.qms.app.controller.UsersController.login','用户登录'),(192,'2022-05-09 17:05:23','admin','127.0.0.1','com.qms.app.controller.UsersController.listUsers','分页查询用户信息'),(193,'2022-05-09 17:06:51','admin','127.0.0.1','com.qms.app.controller.UsersController.login','用户登录'),(194,'2022-05-09 17:06:54','admin','127.0.0.1','com.qms.app.controller.UsersController.listUsers','分页查询用户信息'),(195,'2022-05-09 17:10:12','admin','127.0.0.1','com.qms.app.controller.UsersController.login','用户登录'),(196,'2022-05-09 17:10:16','admin','127.0.0.1','com.qms.app.controller.UsersController.listUsers','分页查询用户信息'),(197,'2022-05-09 17:10:41','admin','127.0.0.1','com.qms.app.controller.UsersController.login','用户登录'),(198,'2022-05-09 17:10:44','admin','127.0.0.1','com.qms.app.controller.UsersController.listUsers','分页查询用户信息'),(199,'2022-05-09 17:10:57',NULL,'127.0.0.1','com.qms.app.controller.UsersController.login','用户登录'),(200,'2022-05-09 17:11:45','admin','127.0.0.1','com.qms.app.controller.UsersController.login','用户登录'),(201,'2022-05-09 17:11:57','admin','127.0.0.1','com.qms.app.controller.UsersController.login','用户登录'),(202,'2022-05-09 17:12:02','admin','127.0.0.1','com.qms.app.controller.UsersController.login','用户登录'),(203,'2022-05-09 17:12:05','admin','127.0.0.1','com.qms.app.controller.UsersController.listUsers','分页查询用户信息'),(204,'2022-05-09 17:16:08','admin','127.0.0.1','com.qms.app.controller.UsersController.login','用户登录'),(205,'2022-05-09 17:16:20',NULL,'127.0.0.1','com.qms.app.controller.UsersController.login','用户登录'),(206,'2022-05-09 17:16:25','李四','127.0.0.1','com.qms.app.controller.UsersController.login','用户登录'),(207,'2022-05-09 17:16:29','李四','127.0.0.1','com.qms.app.controller.UsersController.listUsers','分页查询用户信息'),(208,'2022-05-09 17:18:10','李四','127.0.0.1','com.qms.app.controller.UsersController.login','用户登录'),(209,'2022-05-09 17:18:14','李四','127.0.0.1','com.qms.app.controller.UsersController.listUsers','分页查询用户信息'),(210,'2022-05-09 17:18:26','admin','127.0.0.1','com.qms.app.controller.UsersController.login','用户登录'),(211,'2022-05-09 17:18:30','admin','127.0.0.1','com.qms.app.controller.UsersController.listUsers','分页查询用户信息'),(212,'2022-05-09 17:33:24','李四','127.0.0.1','com.qms.app.controller.UsersController.login','用户登录'),(213,'2022-05-09 17:33:28','李四','127.0.0.1','com.qms.app.controller.UsersController.listUsers','分页查询用户信息'),(214,'2022-05-09 17:46:02','admin','127.0.0.1','com.qms.app.controller.UsersController.login','用户登录'),(215,'2022-05-09 17:46:06','admin','127.0.0.1','com.qms.app.controller.UsersController.listUsers','分页查询用户信息'),(216,'2022-05-09 17:46:20','admin','127.0.0.1','com.qms.app.controller.UsersController.changeUserStat','更改用户信息'),(217,'2022-05-09 17:46:25','admin','127.0.0.1','com.qms.app.controller.UsersController.listUsers','分页查询用户信息'),(218,'2022-05-09 17:46:26','admin','127.0.0.1','com.qms.app.controller.UsersController.listUsers','分页查询用户信息'),(219,'2022-05-09 17:47:22','admin','127.0.0.1','com.qms.app.controller.UsersController.login','用户登录'),(220,'2022-05-09 17:47:25','admin','127.0.0.1','com.qms.app.controller.UsersController.listUsers','分页查询用户信息'),(221,'2022-05-09 17:47:28','admin','127.0.0.1','com.qms.app.controller.UsersController.changeUserStat','更改用户信息'),(222,'2022-05-09 17:47:30','admin','127.0.0.1','com.qms.app.controller.UsersController.listUsers','分页查询用户信息'),(223,'2022-05-09 17:48:12','admin','127.0.0.1','com.qms.app.controller.UsersController.login','用户登录'),(224,'2022-05-09 17:48:15','admin','127.0.0.1','com.qms.app.controller.UsersController.listUsers','分页查询用户信息'),(225,'2022-05-09 17:48:19','admin','127.0.0.1','com.qms.app.controller.UsersController.changeUserStat','更改用户信息'),(226,'2022-05-09 17:48:19','admin','127.0.0.1','com.qms.app.controller.UsersController.listUsers','分页查询用户信息'),(227,'2022-05-09 17:48:22','admin','127.0.0.1','com.qms.app.controller.UsersController.changeUserStat','更改用户信息'),(228,'2022-05-09 17:48:22','admin','127.0.0.1','com.qms.app.controller.UsersController.listUsers','分页查询用户信息'),(229,'2022-05-09 17:51:55','admin','127.0.0.1','com.qms.app.controller.UsersController.login','用户登录'),(230,'2022-05-09 17:51:59','admin','127.0.0.1','com.qms.app.controller.UsersController.listUsers','分页查询用户信息'),(231,'2022-05-09 17:52:04','admin','127.0.0.1','com.qms.app.controller.UsersController.changeUserStat','更改用户信息'),(232,'2022-05-09 17:53:36','admin','127.0.0.1','com.qms.app.controller.UsersController.login','用户登录'),(233,'2022-05-09 17:53:39','admin','127.0.0.1','com.qms.app.controller.UsersController.listUsers','分页查询用户信息'),(234,'2022-05-09 17:53:54','admin','127.0.0.1','com.qms.app.controller.UsersController.changeUserStat','更改用户信息'),(235,'2022-05-09 17:54:39','admin','127.0.0.1','com.qms.app.controller.UsersController.login','用户登录'),(236,'2022-05-09 17:54:42','admin','127.0.0.1','com.qms.app.controller.UsersController.listUsers','分页查询用户信息'),(237,'2022-05-09 17:55:25','admin','127.0.0.1','com.qms.app.controller.UsersController.changeUserStat','更改用户信息'),(238,'2022-05-09 17:55:54','admin','127.0.0.1','com.qms.app.controller.UsersController.login','用户登录'),(239,'2022-05-09 17:55:58','admin','127.0.0.1','com.qms.app.controller.UsersController.listUsers','分页查询用户信息'),(240,'2022-05-09 17:56:04','admin','127.0.0.1','com.qms.app.controller.UsersController.changeUserStat','更改用户信息'),(241,'2022-05-09 17:56:12','admin','127.0.0.1','com.qms.app.controller.UsersController.changeUserStat','更改用户信息'),(242,'2022-05-09 17:56:16','admin','127.0.0.1','com.qms.app.controller.UsersController.listUsers','分页查询用户信息'),(243,'2022-05-09 17:56:18','admin','127.0.0.1','com.qms.app.controller.UsersController.changeUserStat','更改用户信息'),(244,'2022-05-09 17:56:36','admin','127.0.0.1','com.qms.app.controller.UsersController.changeUserStat','更改用户信息'),(245,'2022-05-09 17:57:15','admin','127.0.0.1','com.qms.app.controller.UsersController.login','用户登录'),(246,'2022-05-09 17:57:18','admin','127.0.0.1','com.qms.app.controller.UsersController.listUsers','分页查询用户信息'),(247,'2022-05-09 17:57:45','admin','127.0.0.1','com.qms.app.controller.UsersController.changeUserStat','更改用户信息'),(248,'2022-05-09 17:58:42','admin','127.0.0.1','com.qms.app.controller.UsersController.changeUserStat','更改用户信息'),(249,'2022-05-09 17:59:37','admin','127.0.0.1','com.qms.app.controller.UsersController.login','用户登录'),(250,'2022-05-09 17:59:41','admin','127.0.0.1','com.qms.app.controller.UsersController.listUsers','分页查询用户信息'),(251,'2022-05-09 17:59:43','admin','127.0.0.1','com.qms.app.controller.UsersController.changeUserStat','更改用户信息'),(252,'2022-05-09 17:59:48','admin','127.0.0.1','com.qms.app.controller.UsersController.changeUserStat','更改用户信息'),(253,'2022-05-09 17:59:49','admin','127.0.0.1','com.qms.app.controller.UsersController.listUsers','分页查询用户信息'),(254,'2022-05-09 17:59:52','admin','127.0.0.1','com.qms.app.controller.UsersController.changeUserStat','更改用户信息'),(255,'2022-05-09 17:59:52','admin','127.0.0.1','com.qms.app.controller.UsersController.listUsers','分页查询用户信息'),(256,'2022-05-09 17:59:54','admin','127.0.0.1','com.qms.app.controller.UsersController.changeUserStat','更改用户信息'),(257,'2022-05-09 17:59:54','admin','127.0.0.1','com.qms.app.controller.UsersController.listUsers','分页查询用户信息'),(258,'2022-05-09 17:59:56','admin','127.0.0.1','com.qms.app.controller.UsersController.changeUserStat','更改用户信息'),(259,'2022-05-09 17:59:56','admin','127.0.0.1','com.qms.app.controller.UsersController.listUsers','分页查询用户信息'),(260,'2022-05-09 17:59:58','admin','127.0.0.1','com.qms.app.controller.UsersController.changeUserStat','更改用户信息'),(261,'2022-05-09 17:59:58','admin','127.0.0.1','com.qms.app.controller.UsersController.listUsers','分页查询用户信息'),(262,'2022-05-09 18:00:10',NULL,'127.0.0.1','com.qms.app.controller.UsersController.login','用户登录'),(263,'2022-05-09 18:00:23','admin','127.0.0.1','com.qms.app.controller.UsersController.login','用户登录'),(264,'2022-05-09 18:00:25','admin','127.0.0.1','com.qms.app.controller.UsersController.listUsers','分页查询用户信息'),(265,'2022-05-09 18:00:30','admin','127.0.0.1','com.qms.app.controller.UsersController.changeUserStat','更改用户信息'),(266,'2022-05-09 18:00:30','admin','127.0.0.1','com.qms.app.controller.UsersController.listUsers','分页查询用户信息'),(267,'2022-05-09 18:00:41','李四','127.0.0.1','com.qms.app.controller.UsersController.login','用户登录'),(268,'2022-05-09 18:00:44','李四','127.0.0.1','com.qms.app.controller.UsersController.listUsers','分页查询用户信息'),(269,'2022-05-09 18:00:57','李四','127.0.0.1','com.qms.app.controller.UsersController.changeUserStat','更改用户信息'),(270,'2022-05-09 18:00:57','李四','127.0.0.1','com.qms.app.controller.UsersController.listUsers','分页查询用户信息'),(271,'2022-05-09 18:01:01','李四','127.0.0.1','com.qms.app.controller.UsersController.changeUserStat','更改用户信息'),(272,'2022-05-09 18:01:01','李四','127.0.0.1','com.qms.app.controller.UsersController.listUsers','分页查询用户信息'),(273,'2022-05-09 18:04:05','admin','127.0.0.1','com.qms.app.controller.UsersController.login','用户登录'),(274,'2022-05-09 18:04:08','admin','127.0.0.1','com.qms.app.controller.UsersController.listUsers','分页查询用户信息'),(275,'2022-05-09 18:04:49','admin','127.0.0.1','com.qms.app.controller.UsersController.changeUserStat','更改用户信息'),(276,'2022-05-09 18:04:49','admin','127.0.0.1','com.qms.app.controller.UsersController.listUsers','分页查询用户信息'),(277,'2022-05-09 18:04:52','admin','127.0.0.1','com.qms.app.controller.UsersController.changeUserStat','更改用户信息'),(278,'2022-05-09 18:04:52','admin','127.0.0.1','com.qms.app.controller.UsersController.listUsers','分页查询用户信息'),(279,'2022-05-10 08:00:24','admin','127.0.0.1','com.qms.app.controller.UsersController.login','用户登录'),(280,'2022-05-10 08:00:31','admin','127.0.0.1','com.qms.app.controller.UsersController.listUsers','分页查询用户信息'),(281,'2022-05-10 08:15:31','admin','127.0.0.1','com.qms.app.controller.UsersController.login','用户登录'),(282,'2022-05-10 08:15:59','admin','127.0.0.1','com.qms.app.controller.RoleController.listRoles','查询所有角色信息'),(283,'2022-05-10 08:16:00','admin','127.0.0.1','com.qms.app.controller.UsersController.listUsers','分页查询用户信息'),(284,'2022-05-10 08:22:29','admin','127.0.0.1','com.qms.app.controller.UsersController.login','用户登录'),(285,'2022-05-10 08:22:37','admin','127.0.0.1','com.qms.app.controller.RoleController.listRoles','查询所有角色信息'),(286,'2022-05-10 08:22:37','admin','127.0.0.1','com.qms.app.controller.UsersController.listUsers','分页查询用户信息'),(287,'2022-05-10 08:24:18','admin','127.0.0.1','com.qms.app.controller.UsersController.login','用户登录'),(288,'2022-05-10 08:24:23','admin','127.0.0.1','com.qms.app.controller.RoleController.listRoles','查询所有角色信息'),(289,'2022-05-10 08:24:23','admin','127.0.0.1','com.qms.app.controller.UsersController.listUsers','分页查询用户信息'),(290,'2022-05-10 08:25:20','admin','127.0.0.1','com.qms.app.controller.UsersController.login','用户登录'),(291,'2022-05-10 08:25:28','admin','127.0.0.1','com.qms.app.controller.RoleController.listRoles','查询所有角色信息'),(292,'2022-05-10 08:25:28','admin','127.0.0.1','com.qms.app.controller.UsersController.listUsers','分页查询用户信息'),(293,'2022-05-10 08:36:22','admin','127.0.0.1','com.qms.app.controller.UsersController.login','用户登录'),(294,'2022-05-10 08:36:28','admin','127.0.0.1','com.qms.app.controller.RoleController.listRoles','查询所有角色信息'),(295,'2022-05-10 08:36:28','admin','127.0.0.1','com.qms.app.controller.UsersController.listUsers','分页查询用户信息'),(296,'2022-05-10 08:37:57','admin','127.0.0.1','com.qms.app.controller.UsersController.saveUsers','添加用户信息'),(297,'2022-05-10 08:37:57','admin','127.0.0.1','com.qms.app.controller.UsersController.listUsers','分页查询用户信息'),(298,'2022-05-10 08:38:27','加菲','127.0.0.1','com.qms.app.controller.UsersController.login','用户登录'),(299,'2022-05-10 08:39:29','加菲','127.0.0.1','com.qms.app.controller.RoleController.listRoles','查询所有角色信息'),(300,'2022-05-10 08:39:29','加菲','127.0.0.1','com.qms.app.controller.UsersController.listUsers','分页查询用户信息'),(301,'2022-05-10 08:39:45','李四','127.0.0.1','com.qms.app.controller.UsersController.login','用户登录'),(302,'2022-05-10 08:39:48','李四','127.0.0.1','com.qms.app.controller.RoleController.listRoles','查询所有角色信息'),(303,'2022-05-10 08:39:48','李四','127.0.0.1','com.qms.app.controller.UsersController.listUsers','分页查询用户信息'),(304,'2022-05-10 08:47:21','admin','127.0.0.1','com.qms.app.controller.UsersController.login','用户登录'),(305,'2022-05-10 08:47:24','admin','127.0.0.1','com.qms.app.controller.RoleController.listRoles','查询所有角色信息'),(306,'2022-05-10 08:47:24','admin','127.0.0.1','com.qms.app.controller.UsersController.listUsers','分页查询用户信息'),(307,'2022-05-10 08:47:45','admin','127.0.0.1','com.qms.app.controller.UsersController.login','用户登录'),(308,'2022-05-10 09:12:48','admin','127.0.0.1','com.qms.app.controller.UsersController.login','用户登录'),(309,'2022-05-10 09:13:46','admin','127.0.0.1','com.qms.app.controller.RoleController.listRoles','查询所有角色信息'),(310,'2022-05-10 09:13:46','admin','127.0.0.1','com.qms.app.controller.UsersController.listUsers','分页查询用户信息'),(311,'2022-05-10 09:22:17','admin','127.0.0.1','com.qms.app.controller.UsersController.login','用户登录'),(312,'2022-05-10 09:22:31','李四','127.0.0.1','com.qms.app.controller.UsersController.login','用户登录'),(313,'2022-05-10 09:22:36','李四','127.0.0.1','com.qms.app.controller.UsersController.login','用户登录'),(314,'2022-05-10 09:22:39','李四','127.0.0.1','com.qms.app.controller.RoleController.listRoles','查询所有角色信息'),(315,'2022-05-10 09:22:39','李四','127.0.0.1','com.qms.app.controller.UsersController.listUsers','分页查询用户信息'),(316,'2022-05-10 09:40:26','李四','127.0.0.1','com.qms.app.controller.TagsController.list','查询所有标签'),(317,'2022-05-10 09:40:26','李四','127.0.0.1','com.qms.app.controller.TagsController.list','查询所有标签'),(318,'2022-05-10 09:40:26','李四','127.0.0.1','com.qms.app.controller.QuestionController.listQuestion','分页查询提问问题'),(319,'2022-05-10 09:40:26','李四','127.0.0.1','com.qms.app.controller.AnswerController.listAnswer','分页查询问题回复'),(320,'2022-05-10 09:43:36','李四','127.0.0.1','com.qms.app.controller.UsersController.login','用户登录'),(321,'2022-05-10 09:45:20','李四','127.0.0.1','com.qms.app.controller.UsersController.login','用户登录'),(322,'2022-05-10 09:45:23','李四','127.0.0.1','com.qms.app.controller.RoleController.listRoles','查询所有角色信息'),(323,'2022-05-10 09:45:23','李四','127.0.0.1','com.qms.app.controller.UsersController.listUsers','分页查询用户信息'),(324,'2022-05-10 09:45:37','admin','127.0.0.1','com.qms.app.controller.UsersController.login','用户登录'),(325,'2022-05-10 09:45:42','admin','127.0.0.1','com.qms.app.controller.UsersController.login','用户登录'),(326,'2022-05-10 09:45:45','admin','127.0.0.1','com.qms.app.controller.RoleController.listRoles','查询所有角色信息'),(327,'2022-05-10 09:45:45','admin','127.0.0.1','com.qms.app.controller.UsersController.listUsers','分页查询用户信息'),(328,'2022-05-10 09:46:20','admin','127.0.0.1','com.qms.app.controller.TagsController.listTags','分页查询标签'),(329,'2022-05-10 09:48:15','admin','127.0.0.1','com.qms.app.controller.TagsController.list','查询所有标签'),(330,'2022-05-10 09:48:15','admin','127.0.0.1','com.qms.app.controller.TagsController.list','查询所有标签'),(331,'2022-05-10 09:48:15','admin','127.0.0.1','com.qms.app.controller.QuestionController.listQuestion','分页查询提问问题'),(332,'2022-05-10 09:49:56','admin','127.0.0.1','com.qms.app.controller.CommentController.listComment','分页查询评论'),(333,'2022-05-10 10:31:13','admin','127.0.0.1','com.qms.app.controller.UsersController.login','用户登录'),(334,'2022-05-10 10:31:18','admin','127.0.0.1','com.qms.app.controller.RoleController.listPageRoles','分页查询角色信息'),(335,'2022-05-10 10:33:23','admin','127.0.0.1','com.qms.app.controller.UsersController.login','用户登录'),(336,'2022-05-10 10:33:31','admin','127.0.0.1','com.qms.app.controller.RoleController.listPageRoles','分页查询角色信息'),(337,'2022-05-10 10:49:53','admin','127.0.0.1','com.qms.app.controller.UsersController.login','用户登录'),(338,'2022-05-10 10:49:57','admin','127.0.0.1','com.qms.app.controller.PermissionController.listPermissions','查询所有权限初始化权限菜单'),(339,'2022-05-10 10:49:57','admin','127.0.0.1','com.qms.app.controller.RoleController.listPageRoles','分页查询角色信息'),(340,'2022-05-10 10:52:04','admin','127.0.0.1','com.qms.app.controller.UsersController.login','用户登录'),(341,'2022-05-10 10:52:09','admin','127.0.0.1','com.qms.app.controller.PermissionController.listPermissions','查询所有权限初始化权限菜单'),(342,'2022-05-10 10:52:09','admin','127.0.0.1','com.qms.app.controller.RoleController.listPageRoles','分页查询角色信息'),(343,'2022-05-10 10:52:15','admin','127.0.0.1','com.qms.app.controller.PermissionController.savePermissions','给角色分配权限'),(344,'2022-05-10 10:52:17','admin','127.0.0.1','com.qms.app.controller.PermissionController.savePermissions','给角色分配权限'),(345,'2022-05-10 10:53:00','admin','127.0.0.1','com.qms.app.controller.UsersController.login','用户登录'),(346,'2022-05-10 10:53:03','admin','127.0.0.1','com.qms.app.controller.RoleController.listRoles','查询所有角色信息'),(347,'2022-05-10 10:53:03','admin','127.0.0.1','com.qms.app.controller.UsersController.listUsers','分页查询用户信息'),(348,'2022-05-10 10:53:04','admin','127.0.0.1','com.qms.app.controller.PermissionController.listPermissions','查询所有权限初始化权限菜单'),(349,'2022-05-10 10:53:04','admin','127.0.0.1','com.qms.app.controller.RoleController.listPageRoles','分页查询角色信息'),(350,'2022-05-10 10:53:29','admin','127.0.0.1','com.qms.app.controller.PermissionController.savePermissions','给角色分配权限'),(351,'2022-05-10 10:54:10','admin','127.0.0.1','com.qms.app.controller.UsersController.login','用户登录'),(352,'2022-05-10 10:54:14','admin','127.0.0.1','com.qms.app.controller.PermissionController.listPermissions','查询所有权限初始化权限菜单'),(353,'2022-05-10 10:54:14','admin','127.0.0.1','com.qms.app.controller.RoleController.listPageRoles','分页查询角色信息'),(354,'2022-05-10 10:54:20','admin','127.0.0.1','com.qms.app.controller.PermissionController.savePermissions','给角色分配权限'),(355,'2022-05-10 10:54:54','admin','127.0.0.1','com.qms.app.controller.UsersController.login','用户登录'),(356,'2022-05-10 10:54:57','admin','127.0.0.1','com.qms.app.controller.PermissionController.listPermissions','查询所有权限初始化权限菜单'),(357,'2022-05-10 10:54:57','admin','127.0.0.1','com.qms.app.controller.RoleController.listPageRoles','分页查询角色信息'),(358,'2022-05-10 10:55:26','admin','127.0.0.1','com.qms.app.controller.PermissionController.savePermissions','给角色分配权限'),(359,'2022-05-10 10:56:41','admin','127.0.0.1','com.qms.app.controller.UsersController.login','用户登录'),(360,'2022-05-10 10:56:44','admin','127.0.0.1','com.qms.app.controller.PermissionController.listPermissions','查询所有权限初始化权限菜单'),(361,'2022-05-10 10:56:44','admin','127.0.0.1','com.qms.app.controller.RoleController.listPageRoles','分页查询角色信息'),(362,'2022-05-10 10:57:16','admin','127.0.0.1','com.qms.app.controller.PermissionController.savePermissions','给角色分配权限'),(363,'2022-05-10 11:22:28','admin','127.0.0.1','com.qms.app.controller.UsersController.login','用户登录'),(364,'2022-05-10 11:22:34','admin','127.0.0.1','com.qms.app.controller.PermissionController.listPermissions','查询所有权限初始化权限菜单'),(365,'2022-05-10 11:22:34','admin','127.0.0.1','com.qms.app.controller.RoleController.listPageRoles','分页查询角色信息'),(366,'2022-05-10 11:22:47','admin','127.0.0.1','com.qms.app.controller.PermissionController.savePermissions','给角色分配权限'),(367,'2022-05-10 11:23:54','admin','127.0.0.1','com.qms.app.controller.PermissionController.savePermissions','给角色分配权限'),(368,'2022-05-10 11:24:15','admin','127.0.0.1','com.qms.app.controller.UsersController.login','用户登录'),(369,'2022-05-10 11:24:22','admin','127.0.0.1','com.qms.app.controller.PermissionController.listPermissions','查询所有权限初始化权限菜单'),(370,'2022-05-10 11:24:22','admin','127.0.0.1','com.qms.app.controller.RoleController.listPageRoles','分页查询角色信息'),(371,'2022-05-10 11:25:18','admin','127.0.0.1','com.qms.app.controller.PermissionController.savePermissions','给角色分配权限'),(372,'2022-05-10 11:26:35','admin','127.0.0.1','com.qms.app.controller.UsersController.login','用户登录'),(373,'2022-05-10 11:26:38','admin','127.0.0.1','com.qms.app.controller.RoleController.listRoles','查询所有角色信息'),(374,'2022-05-10 11:26:38','admin','127.0.0.1','com.qms.app.controller.UsersController.listUsers','分页查询用户信息'),(375,'2022-05-10 11:27:05','admin','127.0.0.1','com.qms.app.controller.UsersController.login','用户登录'),(376,'2022-05-10 11:27:07','admin','127.0.0.1','com.qms.app.controller.RoleController.listRoles','查询所有角色信息'),(377,'2022-05-10 11:27:07','admin','127.0.0.1','com.qms.app.controller.UsersController.listUsers','分页查询用户信息'),(378,'2022-05-10 11:27:49','admin','127.0.0.1','com.qms.app.controller.RoleController.listRoles','查询所有角色信息'),(379,'2022-05-10 11:27:49','admin','127.0.0.1','com.qms.app.controller.UsersController.listUsers','分页查询用户信息'),(380,'2022-05-10 11:28:09','admin','127.0.0.1','com.qms.app.controller.PermissionController.listPermissions','查询所有权限初始化权限菜单'),(381,'2022-05-10 11:28:09','admin','127.0.0.1','com.qms.app.controller.RoleController.listPageRoles','分页查询角色信息'),(382,'2022-05-10 11:28:28','admin','127.0.0.1','com.qms.app.controller.RoleController.listRoles','查询所有角色信息'),(383,'2022-05-10 11:28:28','admin','127.0.0.1','com.qms.app.controller.UsersController.listUsers','分页查询用户信息'),(384,'2022-05-10 11:28:39','admin','127.0.0.1','com.qms.app.controller.PermissionController.savePermissions','给角色分配权限'),(385,'2022-05-10 11:28:44','admin','127.0.0.1','com.qms.app.controller.RoleController.listRoles','查询所有角色信息'),(386,'2022-05-10 11:28:44','admin','127.0.0.1','com.qms.app.controller.UsersController.listUsers','分页查询用户信息'),(387,'2022-05-10 11:28:57','admin','127.0.0.1','com.qms.app.controller.PermissionController.savePermissions','给角色分配权限'),(388,'2022-05-10 11:29:10','admin','127.0.0.1','com.qms.app.controller.PermissionController.savePermissions','给角色分配权限'),(389,'2022-05-10 11:31:18','admin','127.0.0.1','com.qms.app.controller.CommentController.listComment','分页查询评论'),(390,'2022-05-10 11:31:31','admin','127.0.0.1','com.qms.app.controller.TagsController.list','查询所有标签'),(391,'2022-05-10 11:31:31','admin','127.0.0.1','com.qms.app.controller.TagsController.list','查询所有标签'),(392,'2022-05-10 11:31:31','admin','127.0.0.1','com.qms.app.controller.QuestionController.listQuestion','分页查询提问问题'),(393,'2022-05-10 11:40:14','admin','127.0.0.1','com.qms.app.controller.UsersController.login','用户登录'),(394,'2022-05-10 11:40:18','admin','127.0.0.1','com.qms.app.controller.RoleController.listRoles','查询所有角色信息'),(395,'2022-05-10 11:40:18','admin','127.0.0.1','com.qms.app.controller.UsersController.listUsers','分页查询用户信息'),(396,'2022-05-10 11:40:20','admin','127.0.0.1','com.qms.app.controller.PermissionController.listPermissions','查询所有权限初始化权限菜单'),(397,'2022-05-10 11:40:20','admin','127.0.0.1','com.qms.app.controller.RoleController.listPageRoles','分页查询角色信息'),(398,'2022-05-10 11:40:25','admin','127.0.0.1','com.qms.app.controller.PermissionController.savePermissions','给角色分配权限'),(399,'2022-05-10 11:41:36','admin','127.0.0.1','com.qms.app.controller.PermissionController.listPermissions','查询所有权限初始化权限菜单'),(400,'2022-05-10 11:41:36','admin','127.0.0.1','com.qms.app.controller.RoleController.listPageRoles','分页查询角色信息'),(401,'2022-05-10 11:42:17','admin','127.0.0.1','com.qms.app.controller.UsersController.login','用户登录'),(402,'2022-05-10 11:42:20','admin','127.0.0.1','com.qms.app.controller.PermissionController.listPermissions','查询所有权限初始化权限菜单'),(403,'2022-05-10 11:42:21','admin','127.0.0.1','com.qms.app.controller.RoleController.listPageRoles','分页查询角色信息'),(404,'2022-05-10 11:42:42','admin','127.0.0.1','com.qms.app.controller.PermissionController.listPermissions','查询所有权限初始化权限菜单'),(405,'2022-05-10 11:42:42','admin','127.0.0.1','com.qms.app.controller.RoleController.listPageRoles','分页查询角色信息'),(406,'2022-05-10 11:43:53','admin','127.0.0.1','com.qms.app.controller.UsersController.login','用户登录'),(407,'2022-05-10 11:43:56','admin','127.0.0.1','com.qms.app.controller.PermissionController.listPermissions','查询所有权限初始化权限菜单'),(408,'2022-05-10 11:43:56','admin','127.0.0.1','com.qms.app.controller.RoleController.listPageRoles','分页查询角色信息'),(409,'2022-05-10 11:44:36','admin','127.0.0.1','com.qms.app.controller.PermissionController.removePermissions','删除角色权限'),(410,'2022-05-10 11:45:57','admin','127.0.0.1','com.qms.app.controller.UsersController.login','用户登录'),(411,'2022-05-10 11:46:01','admin','127.0.0.1','com.qms.app.controller.PermissionController.listPermissions','查询所有权限初始化权限菜单'),(412,'2022-05-10 11:46:02','admin','127.0.0.1','com.qms.app.controller.RoleController.listPageRoles','分页查询角色信息'),(413,'2022-05-10 11:46:18','admin','127.0.0.1','com.qms.app.controller.PermissionController.removePermissions','删除角色权限'),(414,'2022-05-10 11:46:28','admin','127.0.0.1','com.qms.app.controller.RoleController.listRoles','查询所有角色信息'),(415,'2022-05-10 11:46:28','admin','127.0.0.1','com.qms.app.controller.UsersController.listUsers','分页查询用户信息'),(416,'2022-05-10 11:46:39','admin','127.0.0.1','com.qms.app.controller.PermissionController.savePermissions','给角色分配权限'),(417,'2022-05-10 11:46:45','admin','127.0.0.1','com.qms.app.controller.RoleController.listRoles','查询所有角色信息'),(418,'2022-05-10 11:46:45','admin','127.0.0.1','com.qms.app.controller.UsersController.listUsers','分页查询用户信息'),(419,'2022-05-10 11:46:52','admin','127.0.0.1','com.qms.app.controller.PermissionController.savePermissions','给角色分配权限'),(420,'2022-05-10 11:47:00','admin','127.0.0.1','com.qms.app.controller.PermissionController.removePermissions','删除角色权限'),(421,'2022-05-10 11:47:05','admin','127.0.0.1','com.qms.app.controller.RoleController.listRoles','查询所有角色信息'),(422,'2022-05-10 11:47:05','admin','127.0.0.1','com.qms.app.controller.UsersController.listUsers','分页查询用户信息'),(423,'2022-05-10 11:47:14','admin','127.0.0.1','com.qms.app.controller.PermissionController.savePermissions','给角色分配权限'),(424,'2022-05-10 11:47:19','admin','127.0.0.1','com.qms.app.controller.RoleController.listRoles','查询所有角色信息'),(425,'2022-05-10 11:47:19','admin','127.0.0.1','com.qms.app.controller.UsersController.listUsers','分页查询用户信息'),(426,'2022-05-10 11:47:47','admin','127.0.0.1','com.qms.app.controller.TagsController.list','查询所有标签'),(427,'2022-05-10 11:47:47','admin','127.0.0.1','com.qms.app.controller.TagsController.list','查询所有标签'),(428,'2022-05-10 11:47:47','admin','127.0.0.1','com.qms.app.controller.QuestionController.listQuestion','分页查询提问问题'),(429,'2022-05-10 11:48:33','加菲','127.0.0.1','com.qms.app.controller.UsersController.login','用户登录'),(430,'2022-05-10 11:48:36','加菲','127.0.0.1','com.qms.app.controller.RoleController.listRoles','查询所有角色信息'),(431,'2022-05-10 11:48:36','加菲','127.0.0.1','com.qms.app.controller.UsersController.listUsers','分页查询用户信息'),(432,'2022-05-10 11:49:01','admin','127.0.0.1','com.qms.app.controller.UsersController.login','用户登录'),(433,'2022-05-10 11:49:06','admin','127.0.0.1','com.qms.app.controller.UsersController.login','用户登录'),(434,'2022-05-10 11:49:08','admin','127.0.0.1','com.qms.app.controller.RoleController.listRoles','查询所有角色信息'),(435,'2022-05-10 11:49:08','admin','127.0.0.1','com.qms.app.controller.UsersController.listUsers','分页查询用户信息'),(436,'2022-05-10 11:49:11','admin','127.0.0.1','com.qms.app.controller.PermissionController.listPermissions','查询所有权限初始化权限菜单'),(437,'2022-05-10 11:49:11','admin','127.0.0.1','com.qms.app.controller.RoleController.listPageRoles','分页查询角色信息'),(438,'2022-05-10 11:49:15','admin','127.0.0.1','com.qms.app.controller.PermissionController.removePermissions','删除角色权限'),(439,'2022-05-10 11:49:24','admin','127.0.0.1','com.qms.app.controller.RoleController.listRoles','查询所有角色信息'),(440,'2022-05-10 11:49:24','admin','127.0.0.1','com.qms.app.controller.UsersController.listUsers','分页查询用户信息'),(441,'2022-05-10 11:50:08','加菲','127.0.0.1','com.qms.app.controller.UsersController.login','用户登录'),(442,'2022-05-10 11:50:09','加菲','127.0.0.1','com.qms.app.controller.RoleController.listRoles','查询所有角色信息'),(443,'2022-05-10 11:50:10','加菲','127.0.0.1','com.qms.app.controller.UsersController.listUsers','分页查询用户信息'),(444,'2022-05-10 11:50:18','admin','127.0.0.1','com.qms.app.controller.UsersController.login','用户登录'),(445,'2022-05-10 11:50:21','admin','127.0.0.1','com.qms.app.controller.PermissionController.listPermissions','查询所有权限初始化权限菜单'),(446,'2022-05-10 11:50:21','admin','127.0.0.1','com.qms.app.controller.RoleController.listPageRoles','分页查询角色信息'),(447,'2022-05-10 11:50:32','admin','127.0.0.1','com.qms.app.controller.PermissionController.savePermissions','给角色分配权限'),(448,'2022-05-10 11:50:35','admin','127.0.0.1','com.qms.app.controller.RoleController.listRoles','查询所有角色信息'),(449,'2022-05-10 11:50:35','admin','127.0.0.1','com.qms.app.controller.UsersController.listUsers','分页查询用户信息');

/*Table structure for table `permissions` */

DROP TABLE IF EXISTS `permissions`;

CREATE TABLE `permissions` (
  `pid` int NOT NULL AUTO_INCREMENT,
  `pname` varchar(50) DEFAULT NULL,
  `pdesc` varchar(50) DEFAULT NULL,
  `remark` varchar(50) DEFAULT NULL,
  PRIMARY KEY (`pid`)
) ENGINE=InnoDB AUTO_INCREMENT=7 DEFAULT CHARSET=utf8mb4 COLLATE=utf8mb4_0900_ai_ci;

/*Data for the table `permissions` */

insert  into `permissions`(`pid`,`pname`,`pdesc`,`remark`) values (1,'S1','添加用户','系统权限'),(2,'S2','修改用户','系统权限'),(3,'S3','删除用户','系统权限'),(4,'S0','查询用户','系统权限'),(5,'S4','分配角色','系统权限'),(6,'S5','更改状态','系统权限');

/*Table structure for table `question` */

DROP TABLE IF EXISTS `question`;

CREATE TABLE `question` (
  `qid` int NOT NULL AUTO_INCREMENT,
  `uid` int DEFAULT NULL,
  `tid` int DEFAULT NULL,
  `aid` int DEFAULT NULL,
  `title` varchar(50) DEFAULT NULL,
  `content` text,
  `ctime` varchar(50) DEFAULT NULL,
  `mtime` varchar(50) DEFAULT NULL,
  `del` int DEFAULT '0',
  PRIMARY KEY (`qid`)
) ENGINE=InnoDB AUTO_INCREMENT=5 DEFAULT CHARSET=utf8mb4 COLLATE=utf8mb4_0900_ai_ci;

/*Data for the table `question` */

insert  into `question`(`qid`,`uid`,`tid`,`aid`,`title`,`content`,`ctime`,`mtime`,`del`) values (1,1,19,NULL,'java集合都有那些','大家可以说说','2022-05-06 17:19:07',NULL,0),(2,1,1,NULL,'考研选择那个专业','我的建议是计算机芯片专业','2022-05-06 17:55:32','2022-05-07 08:23:22',0),(3,2,19,NULL,'哈哈','哈哈','2022-05-07 10:52:20',NULL,0),(4,1,1,NULL,'23232','23232323','2022-05-07 18:01:31',NULL,0);

/*Table structure for table `roles` */

DROP TABLE IF EXISTS `roles`;

CREATE TABLE `roles` (
  `rid` int NOT NULL AUTO_INCREMENT,
  `rname` varchar(50) DEFAULT NULL,
  `rdesc` varchar(50) DEFAULT NULL,
  PRIMARY KEY (`rid`)
) ENGINE=InnoDB AUTO_INCREMENT=3 DEFAULT CHARSET=utf8mb4 COLLATE=utf8mb4_0900_ai_ci;

/*Data for the table `roles` */

insert  into `roles`(`rid`,`rname`,`rdesc`) values (1,'0','管理员'),(2,'1','普通用户');

/*Table structure for table `tags` */

DROP TABLE IF EXISTS `tags`;

CREATE TABLE `tags` (
  `tid` int NOT NULL AUTO_INCREMENT,
  `tname` varchar(50) DEFAULT NULL,
  `ctime` varchar(50) DEFAULT NULL,
  `mtime` varchar(50) DEFAULT NULL,
  PRIMARY KEY (`tid`)
) ENGINE=InnoDB AUTO_INCREMENT=20 DEFAULT CHARSET=utf8mb4 COLLATE=utf8mb4_0900_ai_ci;

/*Data for the table `tags` */

insert  into `tags`(`tid`,`tname`,`ctime`,`mtime`) values (1,'计算机类','2022-05-05','2022-05-06 15:08:57'),(18,'考研类','2022-05-06 15:03:31','2022-05-06 15:08:15'),(19,'java类','2022-05-06 17:11:11',NULL);

/*Table structure for table `tb_role_per` */

DROP TABLE IF EXISTS `tb_role_per`;

CREATE TABLE `tb_role_per` (
  `rid` int NOT NULL,
  `pid` int NOT NULL,
  PRIMARY KEY (`rid`,`pid`)
) ENGINE=InnoDB DEFAULT CHARSET=utf8mb4 COLLATE=utf8mb4_0900_ai_ci;

/*Data for the table `tb_role_per` */

insert  into `tb_role_per`(`rid`,`pid`) values (1,1),(1,2),(1,3),(1,4),(1,5),(1,6);

/*Table structure for table `tb_user_role` */

DROP TABLE IF EXISTS `tb_user_role`;

CREATE TABLE `tb_user_role` (
  `uid` int NOT NULL,
  `rid` int NOT NULL,
  PRIMARY KEY (`uid`,`rid`)
) ENGINE=InnoDB DEFAULT CHARSET=utf8mb4 COLLATE=utf8mb4_0900_ai_ci;

/*Data for the table `tb_user_role` */

insert  into `tb_user_role`(`uid`,`rid`) values (1,2),(2,2),(4,2),(5,1),(6,1);

/*Table structure for table `users` */

DROP TABLE IF EXISTS `users`;

CREATE TABLE `users` (
  `uid` int NOT NULL AUTO_INCREMENT,
  `uname` varchar(50) DEFAULT NULL,
  `nickname` varchar(50) DEFAULT NULL,
  `password` text,
  `sex` varchar(50) DEFAULT NULL,
  `avatar` text,
  `remark` varchar(50) DEFAULT NULL,
  `ctime` varchar(50) DEFAULT NULL,
  `mtime` varchar(50) DEFAULT NULL,
  `del` int DEFAULT '0',
  `stat` int DEFAULT '0' COMMENT '0启用  1禁用',
  PRIMARY KEY (`uid`)
) ENGINE=InnoDB AUTO_INCREMENT=7 DEFAULT CHARSET=utf8mb4 COLLATE=utf8mb4_0900_ai_ci;

/*Data for the table `users` */

insert  into `users`(`uid`,`uname`,`nickname`,`password`,`sex`,`avatar`,`remark`,`ctime`,`mtime`,`del`,`stat`) values (1,'张三',NULL,'d6b90ee6894cd5d8294c8d0b46e5ea45',NULL,'https://gimg2.baidu.com/image_search/src=http%3A%2F%2Fimg.ixintu.com%2Fdownload%2Fjpg%2F201912%2Fb495c29d5fa3a6c25efa26373dea8cf3.jpg%21con&refer=http%3A%2F%2Fimg.ixintu.com&app=2002&size=f9999,10000&q=a80&n=0&g=0n&fmt=auto?sec=1654673976&t=9d87df6ea7e05a6b2e54f3632a8e21ea',NULL,NULL,'2022-05-09 18:04:52',0,0),(2,'李四','22233','bf085a9aecf36154346eab359ccd09bc','男','https://gimg2.baidu.com/image_search/src=http%3A%2F%2Fimg2.3png.com%2F27d9719ef555ef4db3b4e721e41d102a0285.png&refer=http%3A%2F%2Fimg2.3png.com&app=2002&size=f9999,10000&q=a80&n=0&g=0n&fmt=auto?sec=1654673976&t=9e76c24f54c8eb0838d8efe339578c9d','2啊啊啊',NULL,'2022-05-09 18:01:01',0,0),(4,'张三丰','跳跳虎','aeb06a36065b04a4f5c19df11cb892cb','男','https://img0.baidu.com/it/u=144472224,4246003034&fm=253&fmt=auto&app=138&f=PNG?w=533&h=500','232323','2022-05-09 15:03:18','2022-05-09 18:04:49',0,0),(5,'admin','admin跳跳虎','256f886438471d32ebb4acab50d30221','男','https://img0.baidu.com/it/u=732602423,1639645660&fm=253&fmt=auto&app=138&f=JPEG?w=500&h=500','管理员名称为admin','2022-05-09 16:00:23',NULL,0,0),(6,'加菲','快乐的一只猫','7c835a4c31283a819791ea4d65bf39e4','男','https://gimg2.baidu.com/image_search/src=http%3A%2F%2Fpng.pngtree.com%2Fpng-clipart%2F20190516%2Foriginal%2Fpngtree-animal-series-cute-kitten-serieslovelykittyblack-catpretty-png-image_4061633.jpg&refer=http%3A%2F%2Fpng.pngtree.com&app=2002&size=f9999,10000&q=a80&n=0&g=0n&fmt=auto?sec=1654734956&t=288cdd825fe8f0194e8f0b8ffb9e9a4f','其实不是猫','2022-05-10 08:37:57',NULL,0,0);

/*!40101 SET SQL_MODE=@OLD_SQL_MODE */;
/*!40014 SET FOREIGN_KEY_CHECKS=@OLD_FOREIGN_KEY_CHECKS */;
/*!40014 SET UNIQUE_CHECKS=@OLD_UNIQUE_CHECKS */;
/*!40111 SET SQL_NOTES=@OLD_SQL_NOTES */;
